[{"_key": "599b1659c24ec519e7546e01", "ace_group_title": "%title%", "sub_group_limit": "", "group_status": "%status%", "ace_group_description": "%description%", "object_type": "notable_aggregation_policy", "create_time": 1503336025.26095, "ace_group_assignee": "%owner%", "group_assignee": "%owner%", "ace_factor_fields": [], "priority": "", "description": "", "ace_breaking_criteria": {"condition": "OR", "items": [{"type": "pause", "config": {"limit": "7200"}}]}, "ace_factor_weights": [{"factor_name": "text", "factor_weight": 0.5}, {"factor_name": "attribute", "factor_weight": 0.5}], "mod_time": 1503339367.42109, "group_title": "%title%", "filter_criteria": {"condition": "OR", "items": [{"type": "clause", "config": {"condition": "AND", "items": [{"type": "notable_event_field", "config": {"value": "*", "field": "hostname", "operator": "="}}]}}]}, "ace_enabled": 0, "ace_field_analysis_start_time": 0, "isFirstTimeSaveDone": true, "_owner": "nobody", "ace_split_by_field": "", "source_itsi_da": "itsi", "breaking_criteria": {"condition": "OR", "items": [{"type": "clause", "config": {"condition": "AND", "items": [{"type": "notable_event_field", "config": {"value": "2", "field": "severity", "operator": "="}}]}}]}, "is_default": 0, "ace_group_status": "%status%", "split_by_field": "hostname", "disabled": 0, "ace_field_analysis_end_time": 0, "title": "Naggios HostAlerts", "group_severity": "%severity%", "acl": {"can_change_perms": true, "can_share_app": true, "can_write": true, "sharing": "app", "perms": {"read": ["*"], "write": ["*"]}, "can_share_global": true, "can_share_user": true, "owner": "admin", "modifiable": true}, "_user": "nobody", "ace_group_severity": "%severity%", "identifying_name": "naggios hostalerts", "group_description": "%description%", "rules": [{"priority": 5, "description": "", "title": "", "activation_criteria": {"condition": "AND", "items": [{"type": "breaking_criteria"}]}, "_key": "28a4bc21119beb1761e70f40", "actions": [{"condition": "AND", "items": [{"config": {"value": "1", "field": "severity"}, "execution_criteria": {"execute_on": "ALL"}, "type": "notable_event_change"}, {"config": {"value": "5", "field": "status"}, "execution_criteria": {"execute_on": "ALL"}, "type": "notable_event_change"}]}]}]}, {"_key": "itsi_default_policy", "split_by_field": "source", "object_type": "notable_aggregation_policy", "group_title": "%title%", "group_status": "%status%", "is_default": 1, "breaking_criteria": {"condition": "OR", "items": [{"config": {"limit": "7200"}, "type": "pause"}]}, "create_time": 1503066873.82383, "group_assignee": "%owner%", "priority": 5, "description": "Applies to events which fail to meet the criteria of any other active policy", "title": "Default Policy", "mod_time": 1503339367.4211, "group_severity": "%severity%", "_user": "nobody", "filter_criteria": {"condition": "OR", "items": []}, "identifying_name": "default policy", "group_description": "%description%", "disabled": 0, "rules": []}]