[{"dispatch.index_latest": null, "sid": "Monitor Critical Service Based on HealthScore", "action.itsi_event_generator.param.search_type": "basic", "next_scheduled_time": null, "action.email.format": "pdf", "action.itsi_event_generator.param.drilldown_search_search": "`service_health_data` %itsi_service_id%", "dispatch.reduce_freq": "10", "action.itsi_event_generator.param.severity": "4", "schedule_window": "0", "name": "Monitor Critical Service Based on HealthScore", "dispatch.time_format": "%FT%T.%Q%:z", "auto_summarize": "0", "action.itsi_event_generator.param.title": "%service_name% is in %severity_label% - %severity_value%", "alert.expires": "24h", "dispatch.index_earliest": null, "alert.suppress.period": null, "dispatch.rt_maximum_span": null, "alert_threshold": "0", "run_n_times": "0", "restart_on_searchpeer_add": "1", "dispatch.ttl": "2p", "action.itsi_event_generator.param.drilldown_search_earliest_offset": "-300", "action.itsi_event_generator.param.owner": "unassigned", "action.itsi_event_generator.param.drilldown_uri": "/app/itsi/service_detail?serviceId=%itsi_service_id%&earliest=rt-24h&latest=rtnow&kpiId=%kpiid%", "action.itsi_event_generator.param.drilldown_search_title": "%service_name% health", "qualifiedSearch": "search `service_health_data` alert_level=6 | rename serviceid as itsi_service_id | rename kpiid as itsi_kpi_id | rename kpi as kpi_name| lookup service_kpi_lookup _key as itsi_service_id OUTPUT title | rename title as service_name | eval actual_time=_time | convert ctime(actual_time) as actual_time", "alert.suppress": "0", "action.itsi_event_generator.param.description": "%service_name% is currently in %severity_label% with a value of %severity_value% at %actual_time%", "dispatch.max_time": "0", "cron_schedule": "*/1 * * * *", "action.itsi_event_generator.param.editor": "advance_correlation_builder_editor", "dispatch.earliest_time": "-1m", "dispatchAs": "owner", "is_visible": "1", "alert.suppress.fields": null, "dispatch.rt_backfill": "0", "action.script": "0", "schedule_priority": "default", "eai:acl": {"can_write": "1", "can_share_app": "1", "owner": "nobody", "can_list": "1", "can_share_global": "1", "app": "itsi", "can_change_perms": "1", "removable": "0", "sharing": "global", "can_share_user": "0", "modifiable": "1", "perms": {"read": ["*"], "delete": ["itoa_admin"], "write": ["itoa_admin"]}}, "dispatch.sample_ratio": "1", "is_scheduled": "1", "alert.severity": "3", "dispatch.buckets": "0", "action.email.sendresults": null, "max_concurrent": "1", "action.itsi_event_generator.param.drilldown_search_latest_offset": "300", "action.rss": "0", "action.email": "0", "dispatch.latest_time": "now", "allow_skew": "0", "alert_comparator": "greater than", "displayview": null, "run_on_startup": "0", "action.itsi_event_generator.param.status": "0", "dispatch.indexedRealtimeOffset": null, "dispatch.max_count": "500000", "action.itsi_event_generator": "1", "dispatch.indexedRealtimeMinSpan": null, "action.itsi_event_generator.param.meta_data": "{}", "dispatch.lookups": "1", "disabled": "1", "description": "Monitor Critical service in the environment", "alert.track": "0", "dispatch.spawn_process": "1", "dispatch.indexedRealtime": null, "realtime_schedule": "1", "action.email.to": null, "search": "`service_health_data` alert_level=6 | rename serviceid as itsi_service_id | rename kpiid as itsi_kpi_id | rename kpi as kpi_name| lookup service_kpi_lookup _key as itsi_service_id OUTPUT title | rename title as service_name | eval actual_time=_time | convert ctime(actual_time) as actual_time", "alert_condition": null, "actions": "itsi_event_generator", "dispatch.auto_pause": "0", "dispatch.auto_cancel": "0", "alert.digest_mode": "1", "action.itsi_event_generator.param.drilldown_title": "Drilldown to %service_name% health score", "alert_type": "number of events", "vsid": null}, {"dispatch.index_latest": null, "sid": "Nagios AlertLog", "alert.suppress.fields": null, "action.itsi_event_generator.param.search_type": "basic", "next_scheduled_time": "2017-08-21 18:45:00 EDT", "action.email.format": "pdf", "description": "Nagios AlertLog", "dispatch.indexedRealtimeMinSpan": null, "dispatch.reduce_freq": "10", "action.itsi_event_generator.param.severity": "%itsiSeverity%", "schedule_window": "0", "name": "Nagios AlertLog", "dispatch.time_format": "%FT%T.%Q%:z", "auto_summarize": "0", "action.itsi_event_generator.param.title": "%message%", "alert.expires": "24h", "dispatch.index_earliest": null, "alert.suppress.period": null, "dispatch.rt_maximum_span": null, "run_n_times": "0", "restart_on_searchpeer_add": "1", "action.itsi_event_generator.param.entity_lookup_field": "hostname", "action.itsi_event_generator.param.drilldown_search_earliest_offset": "-300", "action.itsi_event_generator.param.owner": "unassigned", "disabled": "0", "action.email.to": null, "qualifiedSearch": "search index=* sourcetype=\"nagios\" ALERT|rex field=_raw \"(?<hostname>[\\w.]*);\"|rex field=_raw \".*](?<message>.*)\"| eval itsiSeverity=case(match(message,\"OK\"), 1, match(message,\"CRITICAL\"), 5,match(message,\"WARNING\"),3) | `match_entities(hostname)` | `filter_maintenance_entities`", "alert.suppress": "0", "action.itsi_event_generator.param.description": "%message%", "dispatch.max_time": "0", "cron_schedule": "*/1 * * * *", "action.itsi_event_generator.param.editor": "advance_correlation_builder_editor", "alert.track": "0", "dispatch.ttl": "2p", "is_visible": "1", "dispatch.earliest_time": "-1m", "dispatch.rt_backfill": "0", "action.script": "0", "schedule_priority": "default", "eai:acl": {"can_write": "1", "can_share_app": "1", "owner": "admin", "can_list": "1", "can_share_global": "1", "app": "itsi", "can_change_perms": "1", "removable": "1", "sharing": "global", "can_share_user": "1", "modifiable": "1", "perms": {"read": ["*"], "delete": ["itoa_admin"], "write": ["itoa_admin"]}}, "dispatch.sample_ratio": "1", "is_scheduled": "1", "alert.severity": "3", "dispatch.buckets": "0", "action.email.sendresults": null, "max_concurrent": "1", "action.itsi_event_generator.param.drilldown_search_latest_offset": "300", "action.rss": "0", "action.email": "0", "dispatch.latest_time": "now", "allow_skew": "0", "alert_comparator": "greater than", "displayview": null, "run_on_startup": "0", "action.itsi_event_generator.param.status": "1", "dispatch.indexedRealtimeOffset": null, "dispatch.max_count": "500000", "action.itsi_event_generator": "1", "action.itsi_event_generator.param.meta_data": "{}", "dispatch.lookups": "1", "alert_threshold": "0", "dispatch.spawn_process": "1", "dispatch.indexedRealtime": null, "realtime_schedule": "1", "dispatchAs": "owner", "search": "index=* sourcetype=\"nagios\" ALERT|rex field=_raw \"(?<hostname>[\\w.]*);\"|rex field=_raw \".*](?<message>.*)\"| eval itsiSeverity=case(match(message,\"OK\"), 1, match(message,\"CRITICAL\"), 5,match(message,\"WARNING\"),3) | `match_entities(hostname)` | `filter_maintenance_entities`", "alert_condition": null, "actions": "itsi_event_generator", "dispatch.auto_pause": "0", "dispatch.auto_cancel": "0", "alert.digest_mode": "1", "alert_type": "number of events", "vsid": null}]