[{"ace_group_title": "%title%", "ace_group_status": "%status%", "group_assignee": "%owner%", "ace_enabled": 0, "_owner": "nobody", "split_by_field": "hostname", "ace_breaking_criteria": {"items": [{"type": "pause", "config": {"limit": "7200"}}], "condition": "OR"}, "ace_field_analysis_start_time": 0, "ace_group_assignee": "%owner%", "_key": "599b1659c24ec519e7546e01", "ace_group_severity": "%severity%", "group_description": "%description%", "group_title": "%title%", "_user": "nobody", "acl": {"owner": "admin", "perms": {"read": ["*"], "write": ["*"]}, "modifiable": true, "can_share_user": true, "can_share_app": true, "can_change_perms": true, "sharing": "app", "can_share_global": true, "can_write": true}, "mod_time": 1503336745.45227, "ace_factor_weights": [{"factor_weight": 0.5, "factor_name": "text"}, {"factor_weight": 0.5, "factor_name": "attribute"}], "title": "Naggios HostAlerts", "ace_factor_fields": [], "ace_split_by_field": "", "identifying_name": "naggios hostalerts", "disabled": 0, "priority": "", "create_time": 1503336025.26095, "isFirstTimeSaveDone": true, "group_status": "%status%", "description": "", "rules": [{"_key": "28a4bc21119beb1761e70f40", "actions": [{"items": [{"execution_criteria": {"execute_on": "ALL"}, "config": {"field": "severity", "value": "1"}, "type": "notable_event_change"}, {"execution_criteria": {"execute_on": "ALL"}, "config": {"field": "status", "value": "5"}, "type": "notable_event_change"}], "condition": "AND"}], "activation_criteria": {"items": [{"type": "breaking_criteria"}], "condition": "AND"}, "priority": 5, "description": "", "title": ""}], "is_default": 0, "object_type": "notable_aggregation_policy", "ace_field_analysis_end_time": 0, "ace_group_description": "%description%", "filter_criteria": {"items": [{"type": "clause", "config": {"items": [{"type": "notable_event_field", "config": {"operator": "=", "field": "hostname", "value": "*"}}], "condition": "AND"}}], "condition": "OR"}, "breaking_criteria": {"items": [{"type": "clause", "config": {"items": [{"type": "notable_event_field", "config": {"operator": "=", "field": "severity", "value": "2"}}], "condition": "AND"}}], "condition": "OR"}, "source_itsi_da": "itsi", "sub_group_limit": "", "group_severity": "%severity%"}, {"_key": "itsi_default_policy", "group_assignee": "%owner%", "identifying_name": "default policy", "disabled": 0, "priority": 5, "create_time": 1503066873.82383, "group_description": "%description%", "group_status": "%status%", "rules": [], "is_default": 1, "object_type": "notable_aggregation_policy", "group_title": "%title%", "_user": "nobody", "split_by_field": "source", "breaking_criteria": {"items": [{"config": {"limit": "7200"}, "type": "pause"}], "condition": "OR"}, "filter_criteria": {"items": [], "condition": "OR"}, "group_severity": "%severity%", "mod_time": 1503066873.82383, "description": "Applies to events which fail to meet the criteria of any other active policy", "title": "Default Policy"}]